<?xml version="1.0" encoding="utf-8" ?>
<Defs> <!-- every XMl will start with these two lines -->
<!-- Weapon Definition -->
  <ThingDef ParentName="BaseMeleeWeapon_Sharp_Quality"> <!--<ThingDef> is the start of the weapon The  ParentName="BaseMeleeWeapon_Sharp_Quality is refering to base weapon more later -->
    <defName>MeleeWeapon_ChakraBlades</defName>  <!--Defname Where the game will look for this code my weapons I follow this naming for the .xml file-->
    <label>ChakraBlades</label> <!--In game label the name that shows up-->
    <description>A blade with the ability to absorb the chakra of the user and making them extremely sharp and dangerous.</description> <!-- -->
    <possessionCount>1</possessionCount> <!-- This is just what was on the example I assume its the ammount it can stack-->
    <graphicData> <!-- tags will start <> and will end with </>  this is telling the game what information is for the graphics-->
      <texPath>Things/Item/Equipment/WeaponMelee/ChakraBlades</texPath> <!-- the location of your texture for the weapon in your mod folder set up-->
      <graphicClass>Graphic_Single</graphicClass> <!-- This tells the game that the graphic for this item is a single, static image that doesn't change based on direction-->
    </graphicData> <!--end of tag-->
    <techLevel>Medieval</techLevel>  <!--Tech level of the weapon -->
    <weaponTags> <!-- what the weapon is Melee, Long sword-->
      <li>MedievalMeleeAdvanced</li>
      <li>ChakraBlades</li>
    </weaponTags>
    <costStuffCount>300</costStuffCount> <!--It specifies how much "stuff" (material) is consumed when crafting the item-->
    <thingSetMakerTags>
      <li>RewardStandardQualitySuper</li> <!--These tags determine whether an item is included in Quest Reward,Trade Stock, Random Loot -->
    </thingSetMakerTags>
    <statBases>
      <WorkToMake>18000</WorkToMake> <!--time it takes to make-->
      <Mass>0.4</Mass> <!--Mass of weapon-->
    </statBases>
    <relicChance>2</relicChance> <!-- chance of being  a relic in Ideology dlc -->
    <equippedAngleOffset>-65</equippedAngleOffset> <!--Visually sets the offset of the weapon, helps angle it-->
    <stuffCategories> <!--Stuff that this can be made of -->
      <li>Metallic</li>
    </stuffCategories>
    <tools> <!-- part of the weapon that hits-->
      <li>
        <label>blade</label> <!-- Label that shows up in game -->
        <capacities>
          <li>Cut</li> <!-- DamageDef Aka Damage type -->
        </capacities>
        <power>20</power> <!-- Damage power -->
        <cooldownTime>1</cooldownTime> <!-- Ticks between hits -->
      </li>
    </tools>
    <recipeMaker>
      <recipeuser>
        <li>CraftingSpot</li>
        <li>ElectricSmithy</li>
      </recipeuser>
      <skillRequirements>
        <Crafting>7</Crafting> <!-- Skill required -->
      </skillRequirements>
      <displayPriority>420</displayPriority> <!--Controls how prominently the item is displayed relative to others in the same category.Higher values mean higher priority and earlier placement.  -->
    </recipeMaker>
  </ThingDef> <!-- closes this thingdef-->
</Defs> <!-- end the xml you can have multiple things defs in one xml -->